{"cameraMode":{"drawMode":0,"name":"Shaded","section":"Shading Mode"},"sceneLighting":true,"audioPlay":false,"sceneViewState":{"showFog":true,"showMaterialUpdate":false,"showSkybox":false,"showFlares":true,"showImageEffects":true,"showParticleSystems":true},"in2DMode":false,"pivot":{"x":-314.5592041015625,"y":16.116430282592775,"z":49.63994216918945},"rotation":{"x":0.1880411058664322,"y":-0.7228695750236511,"z":0.2159997671842575,"w":0.6291182041168213},"size":12.524627685546875,"orthographic":false}