{"cameraMode":{"drawMode":0,"name":"Shaded","section":"Shading Mode"},"sceneLighting":true,"audioPlay":false,"sceneViewState":{"showFog":true,"showMaterialUpdate":false,"showSkybox":true,"showFlares":true,"showImageEffects":true,"showParticleSystems":true},"in2DMode":false,"pivot":{"x":445.6392822265625,"y":18.33193588256836,"z":312.3094177246094},"rotation":{"x":-0.023189418017864229,"y":-0.9742124080657959,"z":0.1917976588010788,"w":-0.11740880459547043},"size":349.9053649902344,"orthographic":false}