{"cameraMode":{"drawMode":0,"name":"Shaded","section":"Shading Mode"},"sceneLighting":true,"audioPlay":false,"sceneViewState":{"showFog":true,"showMaterialUpdate":false,"showSkybox":true,"showFlares":true,"showImageEffects":true,"showParticleSystems":true},"in2DMode":false,"pivot":{"x":-191.061767578125,"y":838.7774658203125,"z":3444.799072265625},"rotation":{"x":0.02064155787229538,"y":0.08070256561040878,"z":-0.0015515887644141913,"w":0.9966740012168884},"size":5042.38720703125,"orthographic":false}